INSERT INTO EMPRESA_CONSTRUCAO.DEPARTAMENTO(id, nome)
    VALUES (20041, 'Departamento de Engenharia Civil'),
           (20042, 'Departamento de Arquitetura'),
           (20043, 'Departamento de Orçamentos e Estimativas'),
           (20044, 'Departamento de Gerenciamento de Projetos'),
           (20045, 'Departamento de Planeamento e Controlo de Obras'),
           (20046, 'Departamento de Suprimentos e Compras'),
           (20047, 'Departamento de Recursos Humanos'),
           (20048, 'Departamento Financeiro'),
           (20049, 'Departamento de Qualidade e Segurança'),
           (200410, 'Departamento de Marketing e Vendas');


INSERT INTO EMPRESA_CONSTRUCAO.EMPREGADO(nif, nome_proprio, apelido, email, telefone, morada, genero, data_nascimento, salario,id_departamento)
    VALUES (123456789, 'João', 'Silva','jao.silva@ua.pt', 91234678, 'Rua das Flores 123 Lisboa', 'M', '1990/05/15', 1300.34, 20041),
           (987654321, 'Ana', 'Santos','ana.santos@ua.pt', 923456789, NULL, NULL, '1985-08-20', 1249.49, 20042),
           (456789123, 'Maria', 'Pereira','maria.pereira@ua.pt', 934567890, NULL, 'F', NULL, 1000.53, 20043),
           (567890321, 'Alberto', 'Vieira','alberto.vieira@ua.pt', 945678324, 'Rua das Curvas Aveiro', 'M', NULL, 945.56, 20044),
           (624521804, 'Paulo', 'Gonzo','paulo.gonzo@ua.pt', 974681564, 'Rua Estevão Aveiro', 'M', '1989/01/31', 837.31, 20045),
           (732843512, 'Adriana', 'Santos','adriana.santos@ua.pt', 989012378, 'Rua Luz Porto', 'F', '1945/05/20', 841.49, 20046),
           (824637036, 'Diogo', 'Falcas','falcas.diogo@ua.pt', 990634832, 'Rua Darto Castelo Branco', 'M', '1967/03/25', 2906.94, 20047),
           (091543871, 'Tiago', 'Parreira', 'tiago.parreira@ua.pt', 914381023, NULL, 'M', '1973/11/14', 5184.12, 20048),
           (071821743, 'Mariana', 'Hinácio', 'mariana.hinacio@ua.pt', 925712973, NULL, 'F', NULL, 1840.75, 20049),
           (834812034, 'Carla', 'Costa', 'carla.costa@ua.pt', 973982630, 'Rua Palmeira Leiria', NULL, '1975/08/20', 4870.36, 200410),
           (741029467, 'Manuel', 'Gameiro', 'manuel.gameiro@ua.pt', 965943057, 'Rua Albergaria Pombal', 'M', '1964/10/03', 2843.65, 20046),
           (912543812, 'João', 'Martins', 'joao.martins@ua.pt', 984736194, NULL, 'M', '2000/04/08', 792.68, 20049),
           (134820376, 'AnaBela', 'Neves', 'anabela.neves@ua.pt', 911621058, 'Rua Roubã Coimbra', 'F', '1978/10/25', 755.93, 20042),
           (202465812, 'Andreia', 'Marques', 'andreia.marques@ua.pt', 942973024, 'Rua Infesta Meirinhas', 'F', NULL, 850.57, 20043),
           (367290150, 'Pedro', 'Oliveira', 'pedro.oliveira@ua.pt', 959371067, NULL, 'M', '1993/12/10', 3764.30, 20044),
           (461092846, 'Carlos', 'Amorim', 'carlos.amorim@ua.pt', 961043518, 'Rua Oliveirinha Lagos', 'M', '2001/05/12', 946.16, 20045),
           (531425698, 'Diana', 'Rodrigues', 'diana.rodrigues@ua.pt', 971098518, NULL, NULL, NULL, 1245.47, 20047),
           (698145037, 'Marta', 'Miranda', 'marta.miranda@ua.pt', 981734051, 'Rua dos Santos Braga', 'F', NULL, 4853.18, 20041),
           (710795873, 'Rafael', 'Ferreira', 'rafael.ferreira@ua.pt', 99432019, 'Rua 666 Batalha', 'M', NULL, 1200.86, 20048),
           (858170728, 'Dário', 'Carreira', 'dario.carreira@ua.pt', 901738012, 'Rua 999 Porto Mós', NULL, '1936/02/28', 1934.40, 20045),
           (976019338, 'Melissa', 'Maior', 'melissa.maior@ua.pt', 913647011, 'Rua do Azeite Tinalhas', 'F', '1958/07/21', 859.24, 20041),
           (036180144, 'Leonor', 'Nascimento', 'leonor.nascimento@ua.pt', 924901739, NULL, 'F', NULL, 7584.39, 20045),
           (149107584, 'Leandro', 'Silva', 'leandro.silva@ua.pt',937012839, NULL, NULL, '1983/02/09', 1904.35, 20048),
           (280932739, 'Rodrigo', 'Lagoa', 'rodrigo.lagoa@ua.pt',949056913, 'Rua das Cerejas Leiria', 'M', '2002/06/28', 8412.13, 20046),
           (331085045, 'Josefina', 'Bento', 'josefina.bento@ua.pt',95284901, 'Rua Curral Bragança', 'F', '1956/04/30', 3641.63, 20043),
           (485719621, 'Carolina', 'Carvalho', 'carolina.carvalho@ua.pt',962840749, 'Rua Panelas Esgueira', NULL, NULL, 4768.41, 20047),
           (547291946, 'Manel', 'da Cruz', 'manel.cruz@ua.pt',978534741, NULL, 'M', '1962/08/11', 5632.19, 20044),
           (658631739, 'Alexandre', 'Galvão', 'alexandre.galvao@ua.pt',986719649, 'Rua do Chinelo Viseu', 'M', NULL, 893.94, 20049),
           (759107401, 'Catarina', 'Macieira', 'catarina.macieira@ua.pt',991748023, 'Rua Esparguete Beja', 'F', '1994/08/13', 1603.48, 20042),
           (878649173, 'Rúben', 'Gameiro', 'ruben.gameiro@ua.pt',902748029, 'Rua Piscina Murtosa', 'M', '1976/11/22', 50564.99, 20043),
           (953832401, 'José', 'Garrido', 'jose.garrido@ua.pt',918883274, 'Rua Pedras Leiria', 'M', '1997/09/09', 50574.99, 20041);


INSERT INTO EMPRESA_CONSTRUCAO.CEO(nif_empregado)
    VALUES (953832401),
           (878649173);


INSERT INTO EMPRESA_CONSTRUCAO.SERVICO(id_S, categoria, id_departamento)
    VALUES (201101, 'Construção Residencial', 20047),
           (201102, 'Construção Comercial', 20044),
           (201103, 'Construção Industrial', 20048),
           (201104, 'Construção Civil', 20041),
           (201105, 'Reformas e Renovações', 20042),
           (201106, 'Construção de Edificios Públicos', 200410),
           (201107, 'Construção Sustentável', 20043),
           (201108, 'Obras de Paisagismo', 20049),
           (201109, 'Restauração e Preservação', 20046),
           (201110, 'Obras Especializadas', 20045),
           (201111, 'Construção de Infraestruturas Desportivas', 20041),
           (201112, 'Construção de Empreendimentos Residencias de Luxo', 20045),
           (201113, 'Restauração de Património Histórico', 20049),
           (201114, 'Obras de Engenharia Hidráulica', 20043),
           (201115, 'Construção de Estruturas Modulares', 20048);


INSERT INTO EMPRESA_CONSTRUCAO.CLIENTE(nif, nome_proprio, apelido, email, telefone, morada)
    VALUES  (538915867, 'Tammy', 'Jackson', 'emma93@example.net', 436256307, 'USNS Moss, FPO AP 24703'),
            (519748396, 'Alexander', 'Wright', 'michaelking@example.org', 602090049, '821 Marie Skyway, Scottview, VA 47504'),
            (911847104, 'Brooke', 'Williams', 'lsteele@example.net', 716963139, '25352 Harrison Rapid, Jesusberg, MS 51882'),
            (968080065, 'Peter', 'Moyer', 'bnelson@example.org', 375978958, '5280 White Unions Apt. 270, Port Frederickburgh, FL 75070'),
            (512717923, 'Andrew', 'Stewart', 'cathy14@example.com', 1442480439, '517 Maria Burg Suite 322, Derekstad, NC 22008'),
            (261741939, 'Eric', 'Long', 'vvance@example.org', 068990554, '384 Gonzalez Crest Apt. 193, West Kathryn, SD 34015'),
            (203754953, 'Evan', 'Grant', 'danielleherrera@example.net', 833260938, '71012 Leah Road, Ronaldborough, NM 08202'),
            (686181635, 'Jennifer', 'Thompson', 'yglenn@example.com', 833102487, '9149 Lindsay Grove Suite 487, Bakerberg, VA 13820'),
            (734602847, 'Lindsey', 'Carter', 'nicolemcdaniel@example.net', 156649225, '523 Curtis Run Apt. 048, Lake Kathleenview, WI 44848'),
            (837254890, 'Yvonne', 'Brock', 'adamstyler@example.com', 818310174, '678 Hughes Loop, Powersfurt, DE 14459'),
            (785986415, 'Jody', 'Marquez', 'woodwardjeffrey@example.org', 831058505, '70005 Jordan Trace, Kellytown, WI 82732'),
            (240158594, 'Linda', 'Freeman', 'jlittle@example.org', 584778573, '1110 Karen Gateway, East Sonyaport, WV 72669'),
            (382530585, 'Samuel', 'Harris', 'mlewis@example.com', 177878141, '16040 Danielle Trace Suite 517, Jamesside, PR 95278'),
            (533916394, 'Melissa', 'Jones', 'cassandrapreston@example.com', 245591490, '64958 Susan Skyway Apt. 017, Fowlerburgh, MT 49141'),
            (259104140, 'Sarah', 'Hernandez', 'marissahiggins@example.com', 071833001, '402 Rosario Crest Suite 329, Port Charles, NH 49476'),
            (729979948, 'Bridget', 'Houston', 'trankristy@example.com', 696885297, 'Unit 7534 Box 7003, DPO AA 55787'),
            (286352453, 'Cheyenne', 'Barker', 'ronald99@example.com', 896752193, '93093 Perez Square, Steventown, OH 52351'),
            (935071764, 'Heather', 'Esparza', 'josecooper@example.com', 534424567, '05516 Michele Dale Suite 429, South Kyle, IA 60394'),
            (133260774, 'Alyssa', 'Campbell', 'abennett@example.com', 099545838, '8071 Shane Alley Suite 348, Lovetown, CO 42614'),
            (281480761, 'Jessica', 'Watson', 'georgemaldonado@example.org', 614464147, '8483 Janet Mill Suite 593, Cynthiafurt, CO 76083'),
            (699437765, 'Mary', 'Powell', 'pgregory@example.com', 887120194, '35404 Joe Course Apt. 075, Danielbury, MI 68085'),
            (519439633, 'Michael', 'Strickland', 'sethhart@example.net', 816234279, '22626 Valdez Junctions Apt. 801, Andersonport, ME 89006'),
            (991972282, 'Jessica', 'Lee', 'nicholas95@example.org', 853042464, '753 Jackson River, Nicholasborough, DC 49673'),
            (325274605, 'Angela', 'Jacobs', 'ann96@example.org', 594280378, '4855 Stein Well, West Carol, PW 33986'),
            (614465660, 'Alexandra', 'White', 'wgamble@example.com', 144482674, '352 Jeffrey Radial, Hansentown, CO 34430'),
            (290596287, 'Kelly', 'Miller', 'angelascott@example.com', 029681169, 'USNS Brandt, FPO AE 73029'),
            (831844134, 'Leslie', 'Ingram', 'lisa84@example.net', 733397154, '90061 Robert Key, West George, AS 22354'),
            (319379054, 'Debra', 'Espinoza', 'rhall@example.net', 778730596, '405 Malone Mountains, Christopherborough, PW 44991'),
            (831568458, 'Brendan', 'Kelly', 'feliciawang@example.org', 290422635, '769 Davis Viaduct Suite 861, New Grantstad, NC 82826'),
            (166958630, 'John', 'Shaffer', 'jamesramirez@example.com', 932067141, 'USCGC Foley, FPO AA 60494'),
            (764629617, 'Jamie', 'Cross', 'wilsonricky@example.com', 820975206, '80817 Reyes Fork Suite 389, Lifort, AK 73783'),
            (634147386, 'Kristin', 'Wall', 'patrickmoore@example.net', 354369378, '59030 Patrick Forest Apt. 432, Lake Tracyland, GA 66313'),
            (287944069, 'Katelyn', 'Solis', 'greenwanda@example.org', 139810057, 'Unit 5906 Box 0884, DPO AP 15366'),
            (184424855, 'David', 'Lee', 'fschneider@example.org', 893497362, '000 Lori Mount, Thomasfort, KS 39311'),
            (768050941, 'Brian', 'Banks', 'shaunmullins@example.com', 198515059, 'PSC 4746, Box 6840, APO AP 61533'),
            (263085123, 'Daniel', 'Crawford', 'mossmadeline@example.net', 054609745, '1289 Duke Stream Apt. 776, Michaelbury, NV 19060'),
            (284071297, 'Laura', 'Lawrence', 'uhill@example.net', 542644006, '953 Jennifer Rue Suite 645, Port Bethanystad, UT 43578'),
            (785888742, 'Tyler', 'Shepard', 'payneabigail@example.com', 919104792, '964 Frank Street Suite 719, Port Elizabethfurt, MO 69652'),
            (378861758, 'John', 'Smith', 'mbradley@example.org', 173367761, 'PSC 9117, Box 2010, APO AA 94137'),
            (813991455, 'Brittany', 'Hall', 'scottjamie@example.org', 465511105, '29539 Steven Crescent, Liufort, MA 77346'),
            (827204590, 'Amy', 'Sherman', 'michael39@example.com', 226792444, 'PSC 7036, Box 0342, APO AE 35073'),
            (105109164, 'Kelsey', 'Rogers', 'jamesjacob@example.net', 499934325, '2218 Chapman Dam Apt. 548, East Lisa, ND 05133'),
            (909990217, 'Cameron', 'Forbes', 'lutzsamantha@example.org', 319837759, '7166 Bridget Cove, Shellyfurt, AL 31440'),
            (636788195, 'John', 'Escobar', 'michaeljenkins@example.com', 130287772, '6700 Heidi Plaza Apt. 105, West Timothy, LA 91195'),
            (599871432, 'Kaitlyn', 'Delacruz', 'victorwyatt@example.net', 226669382, 'USCGC Ramirez, FPO AE 32857'),
            (920004165, 'Cheyenne', 'Figueroa', 'walkererica@example.org', 026834295, '985 Rachael Flat, Port Kayla, MO 53587'),
            (685452999, 'Katie', 'Garcia', 'xwiley@example.org', 134202066, '9689 Williamson Landing Apt. 989, West Peggyside, FL 76795'),
            (559873828, 'Ralph', 'Lowery', 'vcollins@example.com', 198285488, '1220 Stephanie Locks, Michaelborough, MH 77021'),
            (954574501, 'Shane', 'Williams', 'cmeyer@example.org', 414947919, '38158 Hughes Fort, Jacquelinefort, NJ 02889'),
            (772427491, 'Helen', 'Patton', 'wdonaldson@example.net', 727321514, '9983 Juarez Underpass, West Andrew, MA 91175'),
            (105442534, 'Virginia', 'Garcia', 'mendozamartha@example.org', 943688963, '73496 Ramirez Extension, Jamesport, UT 96197'),
            (108247780, 'Michael', 'Jennings', 'laura42@example.com', 270921617, 'USNV Nguyen, FPO AP 52017'),
            (467079908, 'Valerie', 'Pace', 'rblack@example.com', 833891259, 'Unit 3081 Box 2467, DPO AA 19515'),
            (241123033, 'Anthony', 'Graham', 'brent13@example.org', 112274421, '785 Clark Crest Apt. 829, Kimberlyfort, KY 12118'),
            (491113344, 'Tara', 'Campos', 'jeremypowers@example.net', 840603719, '3316 Nicholas Shoal Suite 909, New Bradleymouth, SD 58446'),
            (111356719, 'Brian', 'Walker', 'charles99@example.org', 049405798, '39364 Brandt Loop, Jordanfort, NM 28581'),
            (290770611, 'Amber', 'Young', 'qtorres@example.com', 528723682, '3687 Todd Island Apt. 399, Port Jeremiah, VI 45646'),
            (707260842, 'Patrick', 'Lopez', 'emora@example.com', 972396652, 'Unit 7696 Box 9566, DPO AE 58819'),
            (462815779, 'Stacie', 'Arnold', 'amanda52@example.com', 168403761, '952 Charles Isle, South Ryanmouth, OR 70982'),
            (331559633, 'Crystal', 'Young', 'kirwin@example.net', 206068943, '385 Peters Bypass, Carolynmouth, NC 84433'),
            (671561996, 'Daniel', 'Romero', 'michelletran@example.org', 644747620, '90582 Valentine View Suite 066, Allisonport, PR 46996');


INSERT INTO EMPRESA_CONSTRUCAO.OBRA(ID, LOCALIZACAO, DATA_INICIO, DATA_FIM, NIF_CLIENTE)
    VALUES  (19940001, '599 Alexander Terrace, Lake Philip, RI 21420', '2023-03-27', '2023-04-16', 911847104),
            (19940002, '01565 Evans Shoals Suite 183, East Tasha, NM 54826', '2023-04-27', '2023-05-26', 538915867),
            (19940003, '357 Gomez Fork, West Alexandra, MS 76639', '2023-05-16', '2023-05-29', 382530585),
            (19940004, '5155 Marissa Harbor, Roseville, VA 86743', '2023-05-14', '2023-05-29', 281480761),
            (19940005, '482 Smith Mews Suite 784, East Jacob, TN 74204', '2023-05-02', '2023-06-09', 184424855),
            (19940006, '59679 Jason Landing Apt. 012, West Timothy, TX 32487', '2023-05-03', '2023-06-02', 108247780),
            (19940007, '887 Mcclure Harbors Suite 187, Port Dustin, MA 97199', '2023-04-15', '2023-05-04', 290596287),
            (19940008, '3437 Jason Key, Lake Joshua, PW 98865', '2023-05-10', '2023-06-15', 325274605),
            (19940009, '2010 Michael Ramp Apt. 415, Christopherfort, NC 64087', '2023-02-23', '2023-03-14', 813991455),
            (19940010, '7924 Elizabeth Run Suite 119, Coreyside, VT 16634', '2023-01-03', '2023-02-10', 831568458),
            (19940011, '7681 Salazar Manors Apt. 655, Port Carolmouth, NY 91558', '2023-05-18', '2023-05-31', 911847104),
            (19940012, '93269 Garcia Cape, Port Lisaville, ME 69027', '2023-03-01', '2023-03-13', 813991455),
            (19940013, '556 Parker Hill Suite 995, South Kevin, MH 17792', '2023-05-07', '2023-06-17', 559873828),
            (19940014, '000 Taylor Branch Suite 279, Ryanchester, IL 24447', '2023-05-13', '2023-06-05', 462815779),
            (19940015, '484 Reginald Mills Suite 102, New Damon, DE 66421', '2023-05-07', '2023-06-07', 261741939),
            (19940016, '96569 William Drives, Troymouth, ME 87917', '2023-04-23', '2023-05-03', 734602847),
            (19940017, '6765 Mason Lakes Apt. 293, Lake Haleyhaven, LA 91473', '2023-04-28', '2023-06-08', 813991455),
            (19940018, 'USS Orozco, FPO AA 50721', '2023-03-22', '2023-04-04', 286352453),
            (19940019, '2487 Williams Parkway Suite 433, Lake Jacqueline, CT 14688', '2023-05-03', '2023-05-29', 382530585),
            (19940020, '2171 Maria Squares, Lewistown, AL 51585', '2023-05-04', '2023-06-07', 634147386),
            (19940021, 'PSC 4167, Box 2092, APO AE 77780', '2023-04-24', '2023-05-31', 378861758),
            (19940022, '96799 Montoya Lock Suite 449, West Angela, AZ 29704', '2023-04-26', '2023-06-17', 259104140),
            (19940023, '15281 Davis Spur Apt. 132, Port Matthewborough, UT 72482', '2023-05-11', '2023-05-27', 909990217),
            (19940024, '3103 Donald Drive Apt. 698, Parkerfort, FL 70610', '2023-05-12', '2023-06-02', 699437765),
            (19940025, '4660 Morris Fall Apt. 190, West Joelshire, AS 61196', '2023-05-08', '2023-06-04', 259104140),
            (19940026, '0810 Jennifer Mission Suite 088, East Hannahchester, MI 31833', '2023-05-18', '2023-06-14', 831844134),
            (19940027, '513 Larson Turnpike Apt. 023, West Christina, IN 22475', '2023-05-09', '2023-06-13', 281480761),
            (19940028, '73804 Jeffrey Mall Apt. 504, New Kayla, PR 05829', '2023-04-25', '2023-06-09', 686181635),
            (19940029, '086 Ronnie Mountains, Amystad, AL 86717', '2023-05-03', '2023-06-07', 512717923),
            (19940030, '49446 Simmons Point Suite 760, Martinezville, VA 53340', '2023-05-18', '2023-06-03', 813991455),
            (19940031, '95545 Patricia Shores, Adamston, DE 72005', '2023-04-21', '2023-05-30', 319379054),
            (19940032, '7500 Laura Center, Gardnerstad, MN 51312', '2023-05-04', '2023-05-28', 813991455),
            (19940033, '6437 Maxwell Station, Parkerbury, VI 38077', '2023-04-25', '2023-05-30', 290596287),
            (19940034, '7568 Amanda Rue, Warrenside, DE 98787', '2023-04-24', '2023-06-08', 734602847),
            (19940035, '399 Davis Shoals Apt. 171, North Rachelport, ME 60386', '2023-05-08', '2023-05-29', 729979948),
            (19940036, '54265 Robinson Keys, Chavezborough, MO 80851', '2023-04-22', '2023-05-28', 491113344),
            (19940037, '01301 Robinson Place, Port Adamshire, PR 39736', '2023-05-05', '2023-05-24', 831568458),
            (19940038, '60736 Beard Hollow, East Danielle, OH 47403', '2023-05-17', '2023-05-28', 935071764),
            (19940039, '8413 Kelly Stravenue Suite 263, South Bryanmouth, AL 73900', '2023-05-08', '2023-06-04', 331559633),
            (19940040, 'PSC 5790, Box 3796, APO AA 20219', '2023-05-16', '2023-05-20', 813991455),
            (19940041, '28246 Warner Manors, Lewisshire, MP 19598', '2023-05-16', '2023-06-03', 837254890),
            (19940042, '45102 Monica Mission Apt. 080, Stephaniechester, KS 00774', '2023-04-24', '2023-06-03', 111356719),
            (19940043, '9048 Sarah Walks, New Eddie, MP 93069', '2023-04-20', '2023-06-17', 785986415),
            (19940044, '179 Lopez Brooks Suite 348, East Tammyhaven, MO 74180', '2023-05-04', '2023-06-18', 325274605),
            (19940045, '34215 Patricia Skyway, Lake Ashley, MP 82234', '2023-05-04', '2023-05-30', 105109164),
            (19940046, '81940 Thompson Ford Apt. 925, Traceyberg, NV 85883', '2023-05-01', '2023-05-26', 111356719),
            (19940047, '970 Parrish Throughway, Scottfurt, FL 73120', '2023-05-05', '2023-06-11', 519748396),
            (19940048, 'USCGC Keller, FPO AP 45831', '2023-05-05', '2023-05-25', 261741939),
            (19940049, '444 Turner Throughway Suite 604, East Kimberlyborough, WA 70660', '2023-05-12', '2023-06-17', 533916394),
            (19940050, '6427 Taylor Creek, Nathanborough, AR 82918', '2023-05-06', '2023-06-16', 533916394),
            (19940051, '6944 Stephanie Courts Apt. 445, Mirandaport, CO 01368', '2023-05-01', '2023-05-27', 281480761),
            (19940052, '321 Kerri Stream Suite 093, Lake Lauren, PW 58187', '2023-04-23', '2023-06-12', 519439633),
            (19940053, '0337 Tina Lake Apt. 301, Smithport, MA 53776', '2023-04-29', '2023-05-17', 133260774),
            (19940054, '79759 Martinez Street, Jarvisburgh, NE 61413', '2023-05-08', '2023-06-12', 685452999),
            (19940055, '948 Murray Stream, Lake Sharonshire, DE 45140', '2023-04-30', '2023-06-10', 467079908),
            (19940056, '58956 Ricardo Plains Apt. 815, Allenborough, VT 09638', '2023-05-08', '2023-05-31', 920004165),
            (19940057, '2110 Michael Lock Apt. 128, South Baileystad, VT 49077', '2023-05-01', '2023-05-27', 671561996),
            (19940058, '48748 Sara Mount Apt. 349, Gomezmouth, NJ 44602', '2023-05-12', '2023-05-22', 286352453),
            (19940059, '1090 Edwards Mountain, Timothystad, TX 41036', '2023-05-18', '2023-06-13', 559873828),
            (19940060, 'PSC 7628, Box 5178, APO AP 67092', '2023-03-08', '2023-03-29', 538915867),
            (19940061, '39367 Clark Curve Suite 078, Hamptonport, NM 72377', '2023-05-12', '2023-05-23', 519439633),
            (19940062, '51997 Samuel Corner Apt. 275, New Aliciachester, NC 14115', '2023-04-27', '2023-06-09', 105442534),
            (19940063, '7782 Baker Summit Suite 046, New Anthonyhaven, OR 28404', '2023-05-14', '2023-06-09', 685452999),
            (19940064, 'Unit 4549 Box 6932, DPO AP 39776', '2023-05-16', '2023-06-10', 166958630),
            (19940065, '229 Brennan Fords, North Reginamouth, MT 16531', '2023-01-04', '2023-01-21', 108247780),
            (19940066, '141 Margaret Divide Suite 134, Lake Wendy, MN 87074', '2023-05-06', '2023-06-13', 909990217),
            (19940067, '26968 Stephen Corner, Duartetown, WV 93259', '2023-05-04', '2023-05-28', 831568458),
            (19940068, '2321 Lopez Street, Marystad, GA 28795', '2023-05-04', '2023-06-14', 382530585),
            (19940069, '40532 Lisa Plains Apt. 384, Nathanielshire, KY 19561', '2023-04-22', '2023-05-25', 462815779),
            (19940070, '246 Schwartz Streets, New Paul, OH 66225', '2023-04-27', '2023-05-10', 634147386),
            (19940071, '383 Adam Divide Apt. 660, North Joannabury, AR 41848', '2023-04-29', '2023-05-22', 699437765),
            (19940072, '671 Jennifer Street, North Anna, TX 28104', '2023-03-30', '2023-04-22', 671561996),
            (19940073, '837 Coleman Burg, North Anthonyside, IL 13465', '2023-05-04', '2023-05-22', 331559633),
            (19940074, '3982 Mullins Mountain, South Brandon, NE 83646', '2023-04-30', '2023-06-07', 734602847),
            (19940075, '781 Wood Bypass Apt. 062, Tuckermouth, MP 60683', '2023-02-03', '2023-02-26', 827204590),
            (19940076, 'Unit 5912 Box 9974, DPO AP 70464', '2023-04-27', '2023-06-05', 287944069),
            (19940077, '1639 Rebecca Mountain Apt. 090, Normatown, MA 40047', '2023-05-14', '2023-05-25', 827204590),
            (19940078, '9415 Frederick Shores Suite 117, Port Kayla, IA 17281', '2023-04-22', '2023-05-30', 519439633),
            (19940079, '46104 Jeremy Rapid, Aaronborough, MP 66332', '2023-05-12', '2023-06-07', 240158594),
            (19940080, '26996 Jessica Keys Apt. 407, Sandersland, NJ 59571', '2023-05-14', '2023-05-29', 909990217),
            (19940081, '8790 Emily Spurs Suite 503, Kevinfort, PR 72800', '2023-04-09', '2023-04-28', 671561996),
            (19940082, '598 Jones Meadows, New Melissa, PA 63154', '2023-05-13', '2023-05-23', 699437765),
            (19940083, '35876 Travis Manor Suite 076, Port Paigehaven, NC 85963', '2023-05-12', '2023-06-13', 729979948),
            (19940084, '01974 Garrett Divide Apt. 107, East Billy, AR 87709', '2023-04-23', '2023-05-29', 935071764),
            (19940085, '69409 Dunn Common, Crawfordton, AK 05214', '2023-05-11', '2023-05-30', 785888742),
            (19940086, '090 Hebert Creek Apt. 802, Rogersbury, NM 91009', '2023-05-17', '2023-05-25', 184424855),
            (19940087, 'USNV Espinoza, FPO AA 07962', '2023-04-28', '2023-06-06', 707260842),
            (19940088, 'USS Miller, FPO AP 17108', '2023-04-27', '2023-06-15', 764629617),
            (19940089, '0487 Philip Island, South Marvin, FL 49358', '2023-05-04', '2023-05-28', 685452999),
            (19940090, '347 Dunn Island, Daughertyshire, OH 57189', '2023-05-11', '2023-06-07', 911847104);


INSERT INTO EMPRESA_CONSTRUCAO.REL_OBRA_SERVICO(ID_OBRA, ID_SERVICO)
    VALUES  (19940001, 201102),
            (19940002, 201113),
            (19940003, 201114),
            (19940004, 201101),
            (19940005, 201110),
            (19940006, 201113),
            (19940007, 201106),
            (19940008, 201110),
            (19940009, 201111),
            (19940010, 201110),
            (19940011, 201115),
            (19940012, 201111),
            (19940013, 201106),
            (19940014, 201107),
            (19940015, 201115),
            (19940016, 201114),
            (19940017, 201114),
            (19940018, 201109),
            (19940019, 201102),
            (19940020, 201108),
            (19940021, 201103),
            (19940022, 201113),
            (19940023, 201106),
            (19940024, 201114),
            (19940025, 201103),
            (19940026, 201108),
            (19940027, 201106),
            (19940028, 201109),
            (19940029, 201107),
            (19940030, 201102),
            (19940031, 201102),
            (19940032, 201108),
            (19940033, 201113),
            (19940034, 201104),
            (19940035, 201106),
            (19940036, 201113),
            (19940037, 201107),
            (19940038, 201108),
            (19940039, 201101),
            (19940040, 201113),
            (19940041, 201106),
            (19940042, 201111),
            (19940043, 201111),
            (19940044, 201110),
            (19940045, 201107),
            (19940046, 201102),
            (19940047, 201111),
            (19940048, 201115),
            (19940049, 201110),
            (19940050, 201103),
            (19940051, 201112),
            (19940052, 201104),
            (19940053, 201108),
            (19940054, 201106),
            (19940055, 201114),
            (19940056, 201102),
            (19940057, 201114),
            (19940058, 201112),
            (19940059, 201103),
            (19940060, 201113),
            (19940061, 201106),
            (19940062, 201115),
            (19940063, 201108),
            (19940064, 201112),
            (19940065, 201104),
            (19940066, 201112),
            (19940067, 201108),
            (19940068, 201104),
            (19940069, 201106),
            (19940070, 201106),
            (19940071, 201104),
            (19940072, 201104),
            (19940073, 201104),
            (19940074, 201115),
            (19940075, 201115),
            (19940076, 201114),
            (19940077, 201111),
            (19940078, 201106),
            (19940079, 201114),
            (19940080, 201104),
            (19940081, 201110),
            (19940082, 201108),
            (19940083, 201102),
            (19940084, 201112),
            (19940085, 201112),
            (19940086, 201107),
            (19940087, 201113),
            (19940088, 201107),
            (19940089, 201104),
            (19940090, 201109);


INSERT INTO EMPRESA_CONSTRUCAO.REL_OBRA_EMPREGADO(id_obra, nif_empregado, dia, horas)
    VALUES  (19940001, 280932739,'2023-03-30', '07:34:12'),
            (19940083, 858170728,'2023-05-21', '06:25:00'),
            (19940060, 987654321,'2023-03-18', '05:34:52'),
            (19940090, 149107584,'2023-05-14', '08:11:41'),
            (19940005, 461092846,'2023-05-10', '04:04:37'),
            (19940029, 036180144,'2023-05-04', '09:00:56'),
            (19940088, 878649173,'2023-05-23', '07:59:01'),
            (19940030, 567890321,'2023-05-20', '06:41:09'),
            (19940011, 953832401,'2023-05-30', '03:23:14'),
            (19940084, 858170728,'2023-04-27', '07:43:57'),
            (19940006, 091543871,'2023-05-05', '05:31:29'),
            (19940053, 698145037,'2023-04-30', '09:20:37'),
            (19940032, 567890321,'2023-05-11', '06:05:59'),
            (19940075, 134820376,'2023-02-14', '08:29:54'),
            (19940009, 987654321,'2023-03-09', '07:40:18'),
            (19940010, 485719621,'2023-01-31', '05:31:27'),
            (19940082, 456789123,'2023-05-15', '06:28:52'),
            (19940078, 461092846,'2023-05-20', '03:48:16'),
            (19940003, 878649173,'2023-05-19', '05:18:58'),
            (19940080, 531425698,'2023-05-15', '08:56:05'),
            (19940002, 658631739,'2023-04-29', '06:31:44'),
            (19940031, 732843512,'2023-04-24', '07:13:36'),
            (19940033, 202465812,'2023-05-01', '04:53:19'),
            (19940047, 567890321,'2023-05-10', '06:36:20'),
            (19940013, 071821743,'2023-05-07', '09:03:37'),
            (19940014, 149107584,'2023-05-14', '04:41:03'),
            (19940054, 123456789,'2023-05-17', '05:37:10'),
            (19940018, 456789123,'2023-03-26', '07:27:36'),
            (19940079, 280932739,'2023-05-13', '02:10:59'),
            (19940020, 280932739,'2023-05-05', '04:45:13'),
            (19940025, 123456789,'2023-05-15', '05:58:00'),
            (19940069, 858170728,'2023-04-24', '06:34:35'),
            (19940026, 878649173,'2023-05-18', '06:46:21'),
            (19940037, 456789123,'2023-05-21', '04:38:29'),
            (19940027, 987654321,'2023-05-11', '08:22:49'),
            (19940043, 732843512,'2023-04-26', '10:35:00'),
            (19940074, 091543871,'2023-05-01', '09:23:09'),
            (19940028, 547291946,'2023-04-22', '06:15:47'),
            (19940056, 824637036,'2023-05-28', '03:45:18'),
            (19940034, 858170728,'2023-05-03', '07:42:31'),
            (19940019, 149107584,'2023-05-26', '08:37:29'),
            (19940062, 202465812,'2023-04-29', '06:17:08'),
            (19940041, 658631739,'2023-05-17', '07:38:14'),
            (19940035, 834812034,'2023-05-18', '04:18:49'),
            (19940058, 732843512,'2023-05-22', '08:42:35'),
            (19940048, 976019338,'2023-05-21', '03:16:27'),
            (19940059, 658631739,'2023-05-24', '02:53:09'),
            (19940066, 461092846,'2023-05-07', '05:02:56'),
            (19940052, 567890321,'2023-04-23', '08:43:14'),
            (19940040, 547291946,'2023-05-17', '06:25:19'),
            (19940012, 878649173,'2023-03-09', '07:46:05'),
            (19940024, 036180144,'2023-05-13', '05:47:29'),
            (19940036, 741029467,'2023-04-26', '04:00:36'),
            (19940007, 759107401,'2023-04-17', '03:17:48'),
            (19940015, 461092846,'2023-05-08', '09:00:01'),
            (19940038, 912543812,'2023-05-27', '04:17:55'),
            (19940065, 531425698,'2023-01-16', '02:24:53'),
            (19940046, 953832401,'2023-05-04', '06:46:19'),
            (19940049, 858170728,'2023-05-30', '03:39:00'),
            (19940050, 824637036,'2023-06-01', '06:10:46'),
            (19940081, 912543812,'2023-04-10', '10:39:10'),
            (19940077, 912543812,'2023-05-24', '04:48:14'),
            (19940089, 858170728,'2023-05-22', '07:41:39'),
            (19940045, 091543871,'2023-05-20', '05:14:44'),
            (19940051, 531425698,'2023-05-06', '04:48:51'),
            (19940068, 878649173,'2023-05-29', '03:26:57'),
            (19940087, 759107401,'2023-04-29', '09:19:49'),
            (19940039, 485719621,'2023-05-10', '06:59:14'),
            (19940042, 367290150,'2023-04-24', '02:31:00'),
            (19940057, 485719621,'2023-05-01', '05:58:19'),
            (19940070, 658631739,'2023-05-09', '01:30:41'),
            (19940004, 624521804,'2023-05-18', '08:58:10'),
            (19940071, 531425698,'2023-04-30', '05:59:24'),
            (19940073, 036180144,'2023-05-29', '03:28:50'),
            (19940008, 123456789,'2023-05-11', '11:48:19'),
            (19940067, 732843512,'2023-05-27', '09:35:12'),
            (19940021, 567890321,'2023-04-25', '02:59:10'),
            (19940086, 987654321,'2023-05-21', '05:59:59'),
            (19940023, 367290150,'2023-05-12', '06:59:16'),
            (19940085, 912543812,'2023-05-29', '09:10:43'),
            (19940017, 202465812,'2023-05-30', '03:31:24'),
            (19940064, 134820376,'2023-04-27', '10:57:31'),
            (19940016, 912543812,'2023-04-23', '04:20:13'),
            (19940022, 456789123,'2023-06-02', '03:14:48'),
            (19940055, 202465812,'2023-05-05', '04:59:10'),
            (19940063, 759107401,'2023-03-14', '07:49:18'),
            (19940061, 953832401,'2023-05-23', '09:31:13'),
            (19940076, 732843512,'2023-06-03', '01:20:01'),
            (19940044, 824637036,'2023-05-04', '04:29:49'),
            (19940072, 123456789,'2023-04-05', '07:03:58');


INSERT INTO EMPRESA_CONSTRUCAO.MATERIAL_CONSTRUCAO(id, categoria, nome, unidades_armazem)
    VALUES  (1997001, 'Fundações e Estruturas', 'Blocos de Cimento', 150),
            (1997002, 'Revestimentos', 'Pedras Naturais', 70),
            (1997003, 'Acabamentos', 'Portas', 340),
            (1997004, 'Instalações Elétricas', 'Disjuntores e Quadros de Distribuição', 935),
            (1997005, 'Intalações Hidráulicas', 'Tubos PVC', 485),
            (1997006, 'Corbertura e Telhados', 'Telhas Cerâmicas ou Metálicas', 639),
            (1997007, 'Ferramentas Manuais', 'Martelos', 1548),
            (1997008, 'Ferramentas Elétricas', 'Berbequins', 97),
            (1997009, 'Equipamentos de Proteção', 'Capacetes', 639),
            (1997010, 'Equipamentos de Medição', 'Fitas Métricas', 540),
            (1997011, 'Fundações e Estruturas', 'Sacos de Cimento', 761),
            (1997012, 'Acabamentos', 'Latas de Tinta', 330),
            (1997013, 'Instalações Elétricas', 'Cabos Elétricos', 142),
            (1997014, 'Ferramentas Manuais', 'Chaves', 710),
            (1997015, 'Ferramentas Elétricas', 'Serras Elétricas', 40);


INSERT INTO EMPRESA_CONSTRUCAO.FORNECEDOR(nif, nome, telefone, email, morada)
    VALUES  (817439603, 'ConstruMat', 203949321, 'constrmat@ua.pt', 'Rua dos Materiais, 123, Cidade Nova, Estado ABC, CEP 12345-678'),
            (208576294, 'Casa da Construção', 292854374,'casac@ua.pt', 'Avenida das Obras, 456, Bairro Construtivo, Estado XYZ, CEP 98765-432'),
            (643872905, 'Materiais & Cia', 273184931,'cia@ua.pt', 'Rua dos Mestres, 789, Vila das Edificações, Estado QWE, CEP 54321-876'),
            (965781420, 'MegaConstrução', 294830184,'mega.co@ua.pt', 'Rua das Estruturas, 987, Loteamento Grandioso, Estado UVW, CEP 87654-321'),
            (312095648, 'Fornecedora Construlíder', 294714025,'forn.lider@ua.pt', 'Rua das Ferragens, 321, Loteamento Residencial, Estado MNO, CEP 56789-012');


INSERT INTO EMPRESA_CONSTRUCAO.ENCOMENDA(id, data, nif_fornecedor, id_obra)
    VALUES  (1991001, '2023-04-29', 643872905, 19940014),
            (1991002, '2023-04-24', 312095648, 19940040),
            (1991003, '2023-05-01', 312095648, 19940037),
            (1991004, '2023-05-18', 817439603, 19940004),
            (1991005, '2023-04-29', 312095648, 19940056),
            (1991006, '2023-04-28', 965781420, 19940074),
            (1991007, '2023-04-21', 965781420, 19940067),
            (1991008, '2023-05-02', 208576294, 19940035),
            (1991009, '2023-05-08', 208576294, 19940057),
            (1991010, '2023-05-14', 965781420, 19940076),
            (1991011, '2023-04-29', 817439603, 19940020),
            (1991012, '2023-04-22', 208576294, 19940003),
            (1991013, '2023-04-21', 312095648, 19940071),
            (1991014, '2023-05-08', 965781420, 19940031),
            (1991015, '2023-04-30', 312095648, 19940088),
            (1991016, '2023-05-12', 208576294, 19940036),
            (1991017, '2023-05-15', 965781420, 19940060),
            (1991018, '2023-05-08', 208576294, 19940075),
            (1991019, '2023-04-28', 312095648, 19940010),
            (1991020, '2023-05-01', 208576294, 19940032);


INSERT INTO EMPRESA_CONSTRUCAO.REL_ENCOMENDA_MATERIAL(id_encomenda, id_material, custo)
    VALUES  (1991001, 1997012, 1094.67),
            (1991002, 1997003, 5785.30),
            (1991003, 1997008, 374.19),
            (1991004, 1997010, 1445.10),
            (1991005, 1997004, 103.69),
            (1991006, 1997005, 268.19),
            (1991007, 1997012, 9103.31),
            (1991008, 1997009, 642.79),
            (1991009, 1997002, 2413.40),
            (1991010, 1997004, 3056.18),
            (1991011, 1997007, 1254.09),
            (1991012, 1997010, 203.00),
            (1991013, 1997011, 6478.93),
            (1991014, 1997006, 481.52),
            (1991015, 1997015, 150.00),
            (1991016, 1997005, 3018.48),
            (1991017, 1997007, 4702.89),
            (1991018, 1997014, 371.04),
            (1991019, 1997013, 743.96),
            (1991020, 1997001, 831.49);


INSERT INTO EMPRESA_CONSTRUCAO.REL_OBRA_MATERIAL(id_obra, id_material)
    VALUES  (19940012, 1997011),
            (19940013, 1997014),
            (19940081, 1997012),
            (19940015, 1997001),
            (19940035, 1997009),
            (19940047, 1997006),
            (19940075, 1997012),
            (19940074, 1997001),
            (19940007, 1997005),
            (19940082, 1997005),
            (19940068, 1997005),
            (19940042, 1997009),
            (19940069, 1997013),
            (19940002, 1997012),
            (19940060, 1997006),
            (19940085, 1997008),
            (19940008, 1997001),
            (19940030, 1997007),
            (19940088, 1997015),
            (19940006, 1997004),
            (19940090, 1997013),
            (19940025, 1997010),
            (19940062, 1997010),
            (19940077, 1997014),
            (19940086, 1997009),
            (19940056, 1997011),
            (19940078, 1997006),
            (19940010, 1997003),
            (19940084, 1997002),
            (19940021, 1997004),
            (19940045, 1997011),
            (19940066, 1997012),
            (19940059, 1997001),
            (19940076, 1997002),
            (19940014, 1997006),
            (19940063, 1997012),
            (19940054, 1997001),
            (19940005, 1997013),
            (19940026, 1997004),
            (19940024, 1997011),
            (19940048, 1997003),
            (19940046, 1997007),
            (19940051, 1997015),
            (19940080, 1997011),
            (19940043, 1997015),
            (19940089, 1997012),
            (19940087, 1997006),
            (19940037, 1997006),
            (19940067, 1997004),
            (19940031, 1997001),
            (19940009, 1997005),
            (19940055, 1997014),
            (19940001, 1997008),
            (19940028, 1997014),
            (19940079, 1997010),
            (19940040, 1997014),
            (19940022, 1997007),
            (19940038, 1997009),
            (19940036, 1997014),
            (19940019, 1997007),
            (19940011, 1997001),
            (19940053, 1997010),
            (19940029, 1997013),
            (19940034, 1997014),
            (19940065, 1997002),
            (19940058, 1997010),
            (19940041, 1997003),
            (19940039, 1997012),
            (19940064, 1997015),
            (19940072, 1997002),
            (19940083, 1997013),
            (19940004, 1997014),
            (19940017, 1997006),
            (19940049, 1997007),
            (19940027, 1997014),
            (19940020, 1997002),
            (19940061, 1997010),
            (19940023, 1997013),
            (19940003, 1997014),
            (19940071, 1997013),
            (19940052, 1997001),
            (19940070, 1997004),
            (19940018, 1997003),
            (19940057, 1997010),
            (19940073, 1997011),
            (19940032, 1997002),
            (19940016, 1997009),
            (19940050, 1997007),
            (19940033, 1997004),
            (19940044, 1997005);
